-- MySQL dump 10.13  Distrib 8.0.32, for Win64 (x86_64)
--
-- Host: 127.0.0.1    Database: time_table_database
-- ------------------------------------------------------
-- Server version	8.0.32

/*!40101 SET @OLD_CHARACTER_SET_CLIENT=@@CHARACTER_SET_CLIENT */;
/*!40101 SET @OLD_CHARACTER_SET_RESULTS=@@CHARACTER_SET_RESULTS */;
/*!40101 SET @OLD_COLLATION_CONNECTION=@@COLLATION_CONNECTION */;
/*!50503 SET NAMES utf8 */;
/*!40103 SET @OLD_TIME_ZONE=@@TIME_ZONE */;
/*!40103 SET TIME_ZONE='+00:00' */;
/*!40014 SET @OLD_UNIQUE_CHECKS=@@UNIQUE_CHECKS, UNIQUE_CHECKS=0 */;
/*!40014 SET @OLD_FOREIGN_KEY_CHECKS=@@FOREIGN_KEY_CHECKS, FOREIGN_KEY_CHECKS=0 */;
/*!40101 SET @OLD_SQL_MODE=@@SQL_MODE, SQL_MODE='NO_AUTO_VALUE_ON_ZERO' */;
/*!40111 SET @OLD_SQL_NOTES=@@SQL_NOTES, SQL_NOTES=0 */;

--
-- Table structure for table `id`
--

DROP TABLE IF EXISTS `id`;
/*!40101 SET @saved_cs_client     = @@character_set_client */;
/*!50503 SET character_set_client = utf8mb4 */;
CREATE TABLE `id` (
  `next_val` bigint DEFAULT NULL
) ENGINE=InnoDB DEFAULT CHARSET=utf8mb4 COLLATE=utf8mb4_0900_ai_ci;
/*!40101 SET character_set_client = @saved_cs_client */;

--
-- Dumping data for table `id`
--

LOCK TABLES `id` WRITE;
/*!40000 ALTER TABLE `id` DISABLE KEYS */;
INSERT INTO `id` VALUES (37);
/*!40000 ALTER TABLE `id` ENABLE KEYS */;
UNLOCK TABLES;

--
-- Table structure for table `user_roles`
--

DROP TABLE IF EXISTS `user_roles`;
/*!40101 SET @saved_cs_client     = @@character_set_client */;
/*!50503 SET character_set_client = utf8mb4 */;
CREATE TABLE `user_roles` (
  `id` int NOT NULL AUTO_INCREMENT,
  `role` varchar(255) DEFAULT NULL,
  `username` varchar(255) DEFAULT NULL,
  PRIMARY KEY (`id`)
) ENGINE=InnoDB AUTO_INCREMENT=5 DEFAULT CHARSET=utf8mb4 COLLATE=utf8mb4_0900_ai_ci;
/*!40101 SET character_set_client = @saved_cs_client */;

--
-- Dumping data for table `user_roles`
--

LOCK TABLES `user_roles` WRITE;
/*!40000 ALTER TABLE `user_roles` DISABLE KEYS */;
INSERT INTO `user_roles` VALUES (1,'ROLE_ADMIN','Tom'),(2,'ROLE_USER','Tom'),(3,'ROLE_USER','Kim'),(4,'ROLE_ADMIN','Ken');
/*!40000 ALTER TABLE `user_roles` ENABLE KEYS */;
UNLOCK TABLES;

--
-- Table structure for table `users`
--

DROP TABLE IF EXISTS `users`;
/*!40101 SET @saved_cs_client     = @@character_set_client */;
/*!50503 SET character_set_client = utf8mb4 */;
CREATE TABLE `users` (
  `id` int NOT NULL,
  `enabled` tinyint(1) NOT NULL DEFAULT '1',
  `username` varchar(255) DEFAULT NULL,
  `password` varchar(255) DEFAULT NULL,
  PRIMARY KEY (`id`)
) ENGINE=InnoDB DEFAULT CHARSET=utf8mb4 COLLATE=utf8mb4_0900_ai_ci;
/*!40101 SET character_set_client = @saved_cs_client */;

--
-- Dumping data for table `users`
--

LOCK TABLES `users` WRITE;
/*!40000 ALTER TABLE `users` DISABLE KEYS */;
INSERT INTO `users` VALUES (1,1,'Tom','{bcrypt}$2a$12$pzjz/N7aTulgsZl7VqmuR.W3LQ4HhPiF16syfm7sjgRcFrKJ03fSO'),(2,1,'Kim','{bcrypt}$2a$12$pzjz/N7aTulgsZl7VqmuR.W3LQ4HhPiF16syfm7sjgRcFrKJ03fSO');
/*!40000 ALTER TABLE `users` ENABLE KEYS */;
UNLOCK TABLES;

--
-- Table structure for table `visits`
--

DROP TABLE IF EXISTS `visits`;
/*!40101 SET @saved_cs_client     = @@character_set_client */;
/*!50503 SET character_set_client = utf8mb4 */;
CREATE TABLE `visits` (
  `id` int NOT NULL,
  `reservation_time` varchar(255) DEFAULT NULL,
  `reserved_time` varchar(255) DEFAULT NULL,
  `status` tinyint DEFAULT NULL,
  `status_change_date` varchar(255) DEFAULT NULL,
  `number` varchar(255) DEFAULT NULL,
  `user_id` int DEFAULT NULL,
  PRIMARY KEY (`id`),
  KEY `FK5kmnbgokfpcalwrminoedrb68` (`user_id`),
  CONSTRAINT `FK5kmnbgokfpcalwrminoedrb68` FOREIGN KEY (`user_id`) REFERENCES `users` (`id`),
  CONSTRAINT `visits_chk_1` CHECK ((`status` between 0 and 3))
) ENGINE=InnoDB DEFAULT CHARSET=utf8mb4 COLLATE=utf8mb4_0900_ai_ci;
/*!40101 SET character_set_client = @saved_cs_client */;

--
-- Dumping data for table `visits`
--

LOCK TABLES `visits` WRITE;
/*!40000 ALTER TABLE `visits` DISABLE KEYS */;
INSERT INTO `visits` VALUES (1,'2023-08-18 19:45','2023-09-01 08:00',2,'2023-08-18 23:25','08181945494549',1),(2,'2023-08-18 19:46','2023-09-01 08:00',2,'2023-08-19 13:24','08181946114611',2),(3,'2023-08-18 19:46','2023-09-01 08:20',3,'2023-08-18 19:46','08181946214621',1),(4,'2023-08-18 21:30','2023-09-01 08:20',2,'2023-08-18 23:27','08182130353035',1),(5,'2023-08-18 23:00','2023-09-01 08:20',3,'2023-08-18 23:00','0818230037037',2),(6,'2023-08-18 23:29','2023-09-01 08:00',2,'2023-08-18 23:36','08182329102910',1),(7,'2023-08-18 23:29','2023-09-01 08:20',2,'2023-08-18 23:45','08182329132913',1),(8,'2023-08-18 23:29','2023-09-01 08:40',2,'2023-08-19 13:29','08182329172917',1),(9,'2023-08-18 23:29','2023-09-01 09:00',2,'2023-08-19 13:24','08182329212921',1),(10,'2023-08-18 23:29','2023-09-01 09:20',2,'2023-08-19 13:19','08182329242924',1),(11,'2023-08-18 23:29','2023-09-01 09:40',2,'2023-08-19 13:19','08182329272927',1),(12,'2023-08-18 23:29','2023-09-01 08:20',3,'2023-08-18 23:29','08182329322932',2),(13,'2023-08-18 23:29','2023-09-01 08:20',3,'2023-08-18 23:29','08182329422942',2),(14,'2023-08-18 23:30','2023-09-01 08:20',2,'2023-08-18 23:31','0818233005305',2),(15,'2023-08-18 23:30','2023-09-01 08:40',2,'2023-08-19 13:24','08182330103010',2),(16,'2023-08-18 23:32','2023-09-01 09:00',1,'2023-08-19 13:41','08182332183218',2),(17,'2023-08-18 23:32','2023-09-01 09:20',3,'2023-08-18 23:32','08182332243224',2),(18,'2023-08-18 23:32','2023-09-01 09:20',3,'2023-08-18 23:32','08182332343234',2),(19,'2023-08-18 23:32','2023-09-01 09:20',2,'2023-08-19 13:41','08182332493249',2),(20,'2023-08-18 23:32','2023-09-01 09:40',0,'2023-08-18 23:32','08182332583258',2),(21,'2023-08-19 13:04','2023-09-01 10:00',3,'2023-08-19 13:07','0819130425425',2),(22,'2023-08-19 13:07','2023-09-01 10:00',1,'2023-08-19 13:29','0819130733733',1),(23,'2023-08-19 13:11','2023-09-01 10:20',3,'2023-08-19 13:12','08191311591159',1),(24,'2023-08-19 13:17','2023-09-01 10:20',0,'2023-08-19 13:17','08191317511751',1),(25,'2023-08-19 13:18','2023-09-01 10:00',0,'2023-08-19 13:18','0819131800180',2),(26,'2023-08-19 13:18','2023-09-01 10:20',0,'2023-08-19 13:18','0819131807187',2),(27,'2023-08-19 13:18','2023-09-01 10:40',0,'2023-08-19 13:18','08191318171817',1),(28,'2023-08-19 13:18','2023-09-01 10:40',0,'2023-08-19 13:18','08191318271827',2),(29,'2023-08-19 13:40','2023-09-01 11:00',3,'2023-08-19 13:40','08191340544054',2),(30,'2023-08-19 20:15','2023-09-01 11:00',0,'2023-08-19 20:15','08192015141514',1),(31,'2023-08-19 20:58','2023-09-01 11:20',3,'2023-08-19 20:58','08192058365836',1),(32,'2023-08-19 21:05','2023-09-01 11:20',3,'2023-08-19 21:05','0819210549549',1),(33,'2023-08-21 08:35','2023-09-01 11:20',3,'2023-08-21 08:35','08210835353535',1),(34,'2023-08-21 08:40','2023-09-01 11:20',0,'2023-08-21 08:40','0821084006406',1),(35,'2023-08-21 08:40','2023-09-01 11:40',0,'2023-08-21 08:40','08210840474047',1),(36,'2023-08-21 08:59','2023-09-01 12:00',0,'2023-08-21 08:59','0821085909599',1);
/*!40000 ALTER TABLE `visits` ENABLE KEYS */;
UNLOCK TABLES;
/*!40103 SET TIME_ZONE=@OLD_TIME_ZONE */;

/*!40101 SET SQL_MODE=@OLD_SQL_MODE */;
/*!40014 SET FOREIGN_KEY_CHECKS=@OLD_FOREIGN_KEY_CHECKS */;
/*!40014 SET UNIQUE_CHECKS=@OLD_UNIQUE_CHECKS */;
/*!40101 SET CHARACTER_SET_CLIENT=@OLD_CHARACTER_SET_CLIENT */;
/*!40101 SET CHARACTER_SET_RESULTS=@OLD_CHARACTER_SET_RESULTS */;
/*!40101 SET COLLATION_CONNECTION=@OLD_COLLATION_CONNECTION */;
/*!40111 SET SQL_NOTES=@OLD_SQL_NOTES */;

-- Dump completed on 2023-08-21  9:28:10
